Model,Accuracy,Precision,Recall,F1,ROC_AUC,TN,FP,FN,TP
LR,0.8065753424657535,0.584,0.19518716577540107,0.2925851703406814,0.7760699793983127,1399,52,301,73
RF,0.8345205479452055,0.5833333333333334,0.6737967914438503,0.6253101736972704,0.8613053140559526,1271,180,122,252
XGB,0.8695890410958904,0.7956521739130434,0.4893048128342246,0.6059602649006622,0.8694409535006284,1404,47,191,183
